model,accuracy,precision_macro,recall_macro,f1_macro
logistic_regression,0.6191176470588236,0.3674365252685681,0.33858022928998777,0.28028176052626796
random_forest_classification,0.5720588235294117,0.34962625979358597,0.35226847357835767,0.3486364944300571
