model,MAE,RMSE,R2
linear_regression,0.9153194243466035,1.1205028618101114,-0.014548277745456417
random_forest_regression,1.000322994042948,1.2070224592840908,-0.1772738031341381
